retailer_a_id,retailer_b_id,true_match
A001,B001,1
A001,B002,0
A001,B003,0
A001,B004,0
A001,B005,0
A001,B006,0
A001,B007,0
A001,B008,0
A001,B009,0
A001,B010,0
A002,B001,0
A002,B002,1
A002,B003,0
A002,B004,0
A002,B005,0
A002,B006,0
A002,B007,0
A002,B008,0
A002,B009,0
A002,B010,0
A003,B001,0
A003,B002,0
A003,B003,1
A003,B004,0
A003,B005,0
A003,B006,0
A003,B007,0
A003,B008,0
A003,B009,0
A003,B010,0
A004,B001,0
A004,B002,0
A004,B003,0
A004,B004,1
A004,B005,0
A004,B006,0
A004,B007,0
A004,B008,0
A004,B009,0
A004,B010,0
A005,B001,0
A005,B002,0
A005,B003,0
A005,B004,0
A005,B005,1
A005,B006,0
A005,B007,0
A005,B008,0
A005,B009,0
A005,B010,0
A006,B001,0
A006,B002,0
A006,B003,0
A006,B004,0
A006,B005,0
A006,B006,1
A006,B007,0
A006,B008,0
A006,B009,0
A006,B010,0
A007,B001,0
A007,B002,0
A007,B003,0
A007,B004,0
A007,B005,0
A007,B006,0
A007,B007,1
A007,B008,0
A007,B009,0
A007,B010,0
A008,B001,0
A008,B002,0
A008,B003,0
A008,B004,0
A008,B005,0
A008,B006,0
A008,B007,0
A008,B008,1
A008,B009,0
A008,B010,0
A009,B001,0
A009,B002,0
A009,B003,0
A009,B004,0
A009,B005,0
A009,B006,0
A009,B007,0
A009,B008,0
A009,B009,1
A009,B010,0
A010,B001,0
A010,B002,0
A010,B003,0
A010,B004,0
A010,B005,0
A010,B006,0
A010,B007,0
A010,B008,0
A010,B009,0
A010,B010,1
